{
  "vite.config.ts": 1773074510.9891114,
  "vitest.config.ts": 1773074523.1289387,
  "server.ts": 1775907986.270188,
  "tests/setup.ts": 1773074532.1961942,
  "tests/server/middleware-auth.test.ts": 1773074552.368602,
  "tests/shared/utils.test.ts": 1773074588.164412,
  "tests/shared/slug.test.ts": 1773074645.1350367,
  "tests/shared/csv.test.ts": 1773074688.5691092,
  "tests/shared/constants.test.ts": 1773074569.168648,
  "src/App.tsx": 1775907986.2701626,
  "src/main.tsx": 1771767198.0,
  "src/termData.ts": 1771788327.9819524,
  "src/constants.ts": 1775907986.270039,
  "src/server/middleware/auth.ts": 1773074449.0065553,
  "src/server/db/pool.ts": 1773074427.0629725,
  "src/server/db/init.ts": 1773083997.362434,
  "src/server/routes/study.ts": 1773084031.4048052,
  "src/server/routes/admin.ts": 1773087099.3469431,
  "src/server/routes/content.ts": 1773074468.5704713,
  "src/server/routes/tts.ts": 1773074474.3936121,
  "src/server/routes/ai.ts": 1773087580.7762017,
  "src/server/routes/misc.ts": 1773074564.504785,
  "src/server/routes/auth.ts": 1773074465.9632058,
  "src/components/AdminPanel.tsx": 1773087655.4662554,
  "src/components/GlobalNav.tsx": 1773084912.8593266,
  "src/hooks/useInterview.ts": 1773074607.916827,
  "src/hooks/useFlashcards.ts": 1773074581.9599931,
  "src/hooks/useTTS.ts": 1773083485.5858877,
  "src/hooks/useAuth.ts": 1773074495.6065323,
  "src/hooks/useDarkMode.ts": 1773084049.0147965,
  "src/hooks/useProgress.ts": 1773074552.8917587,
  "src/hooks/useStudyAPI.ts": 1773084063.8899336,
  "src/hooks/useSTT.ts": 1773074540.4036584,
  "src/lib/slug.ts": 1773074630.952146,
  "src/lib/csv.ts": 1773074665.628065,
  "src/lib/utils.ts": 1771767198.0,
  "src/lib/api.ts": 1773074617.7972531,
  "src/views/FlashcardSetup.tsx": 1773085192.0357404,
  "src/views/shared.tsx": 1773085515.6520936,
  "src/views/AccessDeniedScreen.tsx": 1773085167.1478972,
  "src/views/InterviewSetup.tsx": 1773085085.182357,
  "src/views/InterviewSession.tsx": 1773085188.697827,
  "src/views/HomeScreen.tsx": 1773085571.973369,
  "src/views/FlashcardStudy.tsx": 1773085194.705101,
  "src/views/LoginScreen.tsx": 1773085156.6935902,
  "README.md": 1771844730.357472,
  "docs/03-TECHNICAL-DESIGN.md": 1773072003.3736563,
  "docs/07-CODE-QUALITY-AUDIT.md": 1773072247.5870936,
  "docs/05-DATABASE-DOCUMENTATION.md": 1773072115.2181244,
  "docs/06-API-DOCUMENTATION.md": 1773072180.592168,
  "docs/02-BUSINESS-REQUIREMENTS.md": 1773071934.3599937,
  "docs/01-EXECUTIVE-SUMMARY.md": 1773071542.0030298,
  "docs/AKAMAI_DEPLOYMENT.md": 1775907986.3021142,
  "docs/REDESIGN-PLAN.md": 1771845346.320373,
  "docs/08-SECURITY-AUDIT.md": 1773072300.4065537,
  "docs/10-REFACTORING-ROADMAP.md": 1773072417.4406533,
  "docs/09-PERFORMANCE-RECOMMENDATIONS.md": 1773072358.1669502,
  "docs/04-ARCHITECTURE-DIAGRAMS.md": 1773072056.980217,
  "public/stint-logo.svg": 1771845835.033679,
  "audio_cache/azure-virtual-machine.wav": 1771801202.0,
  "audio_cache/txt.wav": 1771801208.0,
  "audio_cache/variable.wav": 1771801336.0,
  "audio_cache/inner-join.wav": 1771801524.0,
  "audio_cache/resource-group.wav": 1771801367.0,
  "audio_cache/server.wav": 1771801531.0,
  "audio_cache/data-lake.wav": 1771801309.0,
  "audio_cache/azure-active-directory--aad-.wav": 1771801195.0,
  "audio_cache/oltp--online-transaction-processing-.wav": 1771800868.0,
  "audio_cache/foreign-key.wav": 1771801349.0,
  "audio_cache/kafka-topic.wav": 1771801361.0
}